<?xml version="1.0"?>
<doc>
    <assembly>
        <name>HslControls</name>
    </assembly>
    <members>
        <member name="T:HslControls.Authorization">
            <summary>
            系统的授权类
            </summary>
        </member>
        <member name="M:HslControls.Authorization.#cctor">
            <summary>
            静态构造方法
            </summary>
        </member>
        <member name="M:HslControls.Authorization.MD5Encrypt32(System.String)">
            <summary>
            32位MD5加密
            </summary>
            <param name="password">等待加密的数据信息</param>
            <returns>返回结果信息</returns>
        </member>
        <member name="M:HslControls.Authorization.CheckAuthorization">
            <summary>
            检查当前的授权类是否可用
            </summary>
            <returns>是否可用</returns>
        </member>
        <member name="M:HslControls.Authorization.SetAuthorizationCode(System.String)">
            <summary>
            设置本组件系统的授权信息
            </summary>
            <param name="code">授权码</param>
        </member>
        <member name="T:HslControls.HslBottle">
            <summary>
            一个类似瓶子的控件对象模型
            </summary>
        </member>
        <member name="M:HslControls.HslBottle.#ctor">
            <summary>
            实例化一个新的控件对象
            </summary>
        </member>
        <member name="P:HslControls.HslBottle.BackColor">
            <summary>
            获取或设置控件的背景色
            </summary>
        </member>
        <member name="P:HslControls.HslBottle.Value">
            <summary>
            获取或设置瓶子的液位值。
            </summary>
        </member>
        <member name="P:HslControls.HslBottle.IsOpen">
            <summary>
            获取或设置瓶子是否处于打开的状态。
            </summary>
        </member>
        <member name="P:HslControls.HslBottle.BottleTag">
            <summary>
            获取或设置瓶子的标签信息，用于绘制在瓶子上的信息。
            </summary>
        </member>
        <member name="P:HslControls.HslBottle.HeadTag">
            <summary>
            获取或设置瓶子的备注信息，用于绘制在瓶子顶部的信息。
            </summary>
        </member>
        <member name="M:HslControls.HslBottle.OnPaint(System.Windows.Forms.PaintEventArgs)">
            <summary>
            重绘控件的外观
            </summary>
            <param name="e">事件</param>
        </member>
        <member name="F:HslControls.HslBottle.components">
            <summary> 
            必需的设计器变量。
            </summary>
        </member>
        <member name="M:HslControls.HslBottle.Dispose(System.Boolean)">
            <summary> 
            清理所有正在使用的资源。
            </summary>
            <param name="disposing">如果应释放托管资源，为 true；否则为 false。</param>
        </member>
        <member name="M:HslControls.HslBottle.InitializeComponent">
            <summary> 
            设计器支持所需的方法 - 不要修改
            使用代码编辑器修改此方法的内容。
            </summary>
        </member>
        <member name="T:HslControls.HslButton">
            <summary>
            按钮控件，和windows自带的功能基本一致
            </summary>
        </member>
        <member name="M:HslControls.HslButton.#ctor">
            <summary>
            实例化一个对象
            </summary>
        </member>
        <member name="P:HslControls.HslButton.BackColor">
            <summary>
            获取或设置控件的背景色
            </summary>
        </member>
        <member name="P:HslControls.HslButton.ForeColor">
            <summary>
            获取或设置当前控件的文本的颜色
            </summary>
        </member>
        <member name="P:HslControls.HslButton.Text">
            <summary>
            获取或设置当前控件的文本
            </summary>
        </member>
        <member name="P:HslControls.HslButton.CornerRadius">
            <summary>
            设置按钮的圆角
            </summary>
        </member>
        <member name="P:HslControls.HslButton.Selected">
            <summary>
            用来设置按钮的选中状态
            </summary>
        </member>
        <member name="P:HslControls.HslButton.OriginalColor">
            <summary>
            按钮的背景色
            </summary>
        </member>
        <member name="P:HslControls.HslButton.EnableColor">
            <summary>
            按钮的背景色
            </summary>
        </member>
        <member name="P:HslControls.HslButton.ActiveColor">
            <summary>
            鼠标挪动时的活动颜色
            </summary>
        </member>
        <member name="P:HslControls.HslButton.BorderVisiable">
            <summary>
            设置按钮的边框是否可见
            </summary>
        </member>
        <member name="P:HslControls.HslButton.CustomerInformation">
            <summary>
            存放用户需要保存的一些额外的信息
            </summary>
        </member>
        <member name="M:HslControls.HslButton.OnPaint(System.Windows.Forms.PaintEventArgs)">
            <summary>
            重绘界面的逻辑功能
            </summary>
            <param name="e">重绘的事件</param>
        </member>
        <member name="M:HslControls.HslButton.OnMouseEnter(System.EventArgs)">
            <summary>
            引发MouseEnter事件
            </summary>
            <param name="e">事件</param>
        </member>
        <member name="M:HslControls.HslButton.OnMouseLeave(System.EventArgs)">
            <summary>
            引发MouseLeave事件
            </summary>
            <param name="e">事件</param>
        </member>
        <member name="M:HslControls.HslButton.OnMouseDown(System.Windows.Forms.MouseEventArgs)">
            <summary>
            引发MouseDown事件
            </summary>
            <param name="e">事件</param>
        </member>
        <member name="M:HslControls.HslButton.OnMouseUp(System.Windows.Forms.MouseEventArgs)">
            <summary>
            引发MouseUp事件
            </summary>
            <param name="e"></param>
        </member>
        <member name="M:HslControls.HslButton.PerformClick">
            <summary>
            触发一次点击的事件
            </summary>
        </member>
        <member name="F:HslControls.HslButton.components">
            <summary> 
            必需的设计器变量。
            </summary>
        </member>
        <member name="M:HslControls.HslButton.Dispose(System.Boolean)">
            <summary> 
            清理所有正在使用的资源。
            </summary>
            <param name="disposing">如果应释放托管资源，为 true；否则为 false。</param>
        </member>
        <member name="M:HslControls.HslButton.InitializeComponent">
            <summary> 
            设计器支持所需的方法 - 不要修改
            使用代码编辑器修改此方法的内容。
            </summary>
        </member>
        <member name="T:HslControls.HslClock">
            <summary>
            实例化一个时钟的控件，支持时分秒的显示，
            </summary>
        </member>
        <member name="M:HslControls.HslClock.#ctor">
            <summary>
            实例化一个默认的对象
            </summary>
        </member>
        <member name="M:HslControls.HslClock.OnLoad(System.EventArgs)">
            <summary>
            重写窗体加载的方法
            </summary>
            <param name="e">事件</param>
        </member>
        <member name="M:HslControls.HslClock.OnPaint(System.Windows.Forms.PaintEventArgs)">
            <summary>
             重写控件界面绘制的方法
            </summary>
            <param name="e">绘制事件</param>
        </member>
        <member name="M:HslControls.HslClock.OnSizeChanged(System.EventArgs)">
            <summary>
            重写当控件大小变化的的方法
            </summary>
            <param name="e">大小改变的事件</param>
        </member>
        <member name="P:HslControls.HslClock.BackColor">
            <summary>
            获取或设置控件的背景色
            </summary>
        </member>
        <member name="P:HslControls.HslClock.Font">
            <summary>
            获取或设置控件的字体信息
            </summary>
        </member>
        <member name="P:HslControls.HslClock.BackgroundImageLayout">
            <summary>
            用于组件的背景图像布局
            </summary>
        </member>
        <member name="P:HslControls.HslClock.HourColor">
            <summary>
            获取或设置时钟指针的颜色
            </summary>
        </member>
        <member name="P:HslControls.HslClock.MiniteColor">
            <summary>
            获取或设置分钟指针的颜色
            </summary>
        </member>
        <member name="P:HslControls.HslClock.SecondColor">
            <summary>
            获取或设置秒钟指针的颜色
            </summary>
        </member>
        <member name="P:HslControls.HslClock.Text">
            <summary>
            获取或设置当前控件的文本
            </summary>
        </member>
        <member name="P:HslControls.HslClock.IsSecondStep">
            <summary>
            获取或设置秒针是否按照每秒前进还是连续变化
            </summary>
        </member>
        <member name="P:HslControls.HslClock.ClockBackColor">
            <summary>
            获取或设置时钟的背景颜色
            </summary>
        </member>
        <member name="P:HslControls.HslClock.ForeColor">
            <summary>
            获取或设置文本的颜色
            </summary>
        </member>
        <member name="F:HslControls.HslClock.components">
            <summary> 
            必需的设计器变量。
            </summary>
        </member>
        <member name="M:HslControls.HslClock.Dispose(System.Boolean)">
            <summary> 
            清理所有正在使用的资源。
            </summary>
            <param name="disposing">如果应释放托管资源，为 true；否则为 false。</param>
        </member>
        <member name="M:HslControls.HslClock.InitializeComponent">
            <summary> 
            设计器支持所需的方法 - 不要修改
            使用代码编辑器修改此方法的内容。
            </summary>
        </member>
        <member name="T:HslControls.HslCurve">
            <summary>
            曲线控件信息，可以用于显示一些实时的曲线信息，同时支持对曲线控件的一些简单的交互
            </summary>
        </member>
        <member name="M:HslControls.HslCurve.#ctor">
            <summary>
            实例化一个曲线显示的控件
            </summary>
        </member>
        <member name="P:HslControls.HslCurve.BackColor">
            <summary>
            获取或设置控件的背景色
            </summary>
        </member>
        <member name="P:HslControls.HslCurve.ValueMaxLeft">
            <summary>
            获取或设置图形的纵坐标的最大值，该值必须大于最小值
            </summary>
        </member>
        <member name="P:HslControls.HslCurve.ValueMinLeft">
            <summary>
            获取或设置图形的纵坐标的最小值，该值必须小于最大值
            </summary>
        </member>
        <member name="P:HslControls.HslCurve.ValueMaxRight">
            <summary>
            获取或设置图形的纵坐标的最大值，该值必须大于最小值
            </summary>
        </member>
        <member name="P:HslControls.HslCurve.ValueMinRight">
            <summary>
            获取或设置图形的纵坐标的最小值，该值必须小于最大值
            </summary>
        </member>
        <member name="P:HslControls.HslCurve.ValueSegment">
            <summary>
            获取或设置图形的纵轴分段数
            </summary>
        </member>
        <member name="P:HslControls.HslCurve.IsAbscissaStrech">
            <summary>
            获取或设置所有的数据是否强制在一个界面里显示
            </summary>
        </member>
        <member name="P:HslControls.HslCurve.StrechDataCountMax">
            <summary>
            获取或设置拉伸模式下的最大数据量
            </summary>
        </member>
        <member name="P:HslControls.HslCurve.IsRenderDashLine">
            <summary>
            获取或设置虚线是否进行显示
            </summary>
        </member>
        <member name="P:HslControls.HslCurve.ColorLinesAndText">
            <summary>
            获取或设置坐标轴及相关信息文本的颜色
            </summary>
        </member>
        <member name="P:HslControls.HslCurve.ColorDashLines">
            <summary>
            获取或设置虚线的颜色
            </summary>
        </member>
        <member name="P:HslControls.HslCurve.IntervalAbscissaText">
            <summary>
            获取或设置纵向虚线的分隔情况，单位为多少个数据
            </summary>
        </member>
        <member name="P:HslControls.HslCurve.TextAddFormat">
            <summary>
            获取或设置实时数据新增时文本相对应于时间的格式化字符串，默认HH:mm
            </summary>
        </member>
        <member name="P:HslControls.HslCurve.Title">
            <summary>
            获取或设置图标的标题信息
            </summary>
        </member>
        <member name="P:HslControls.HslCurve.IsRenderRightCoordinate">
            <summary>
            获取或设置是否显示右侧的坐标系信息
            </summary>
        </member>
        <member name="M:HslControls.HslCurve.SetCurveText(System.String[])">
            <summary>
            设置曲线的横坐标文本，适用于显示一些固定的曲线信息
            </summary>
            <param name="descriptions">应该和曲线的点数一致</param>
        </member>
        <member name="M:HslControls.HslCurve.SetLeftCurve(System.String,System.Single[])">
            <summary>
            新增或修改一条指定关键字的左参考系曲线数据，需要指定数据，颜色随机，没有数据上限，线条宽度为1
            </summary>
            <param name="key">曲线关键字</param>
            <param name="data">曲线的具体数据</param>
        </member>
        <member name="M:HslControls.HslCurve.SetLeftCurve(System.String,System.Single[],System.Drawing.Color)">
            <summary>
            新增或修改一条指定关键字的左参考系曲线数据，需要指定数据，颜色，没有数据上限，线条宽度为1
            </summary>
            <param name="key">曲线关键字</param>
            <param name="data">数据内容</param>
            <param name="lineColor">曲线颜色</param>
        </member>
        <member name="M:HslControls.HslCurve.SetLeftCurve(System.String,System.Single[],System.Drawing.Color,System.Boolean)">
            <summary>
            新增或修改一条指定关键字的左参考系曲线数据，需要指定数据，颜色，没有数据上限，线条宽度为1
            </summary>
            <param name="key">曲线关键字</param>
            <param name="data">数据内容</param>
            <param name="lineColor">曲线颜色</param>
            <param name="isSmooth">曲线是否平滑</param>
        </member>
        <member name="M:HslControls.HslCurve.SetRightCurve(System.String,System.Single[])">
            <summary>
            新增或修改一条指定关键字的右参考系曲线数据，需要指定数据，颜色随机，没有数据上限，线条宽度为1
            </summary>
            <param name="key">曲线关键字</param>
            <param name="data">数据内容</param>
        </member>
        <member name="M:HslControls.HslCurve.SetRightCurve(System.String,System.Single[],System.Drawing.Color)">
            <summary>
            新增或修改一条指定关键字的右参考系曲线数据，需要指定数据，颜色，没有数据上限，线条宽度为1
            </summary>
            <param name="key">曲线关键字</param>
            <param name="data">数据内容</param>
            <param name="lineColor">曲线颜色</param>
        </member>
        <member name="M:HslControls.HslCurve.SetRightCurve(System.String,System.Single[],System.Drawing.Color,System.Boolean)">
            <summary>
            新增或修改一条指定关键字的右参考系曲线数据，需要指定数据，颜色，没有数据上限，线条宽度为1
            </summary>
            <param name="key">曲线关键字</param>
            <param name="data">数据内容</param>
            <param name="lineColor">曲线颜色</param>
            <param name="isSmooth">曲线是否平滑</param>
        </member>
        <member name="M:HslControls.HslCurve.SetCurve(System.String,System.Boolean,System.Single[],System.Drawing.Color,System.Single,System.Boolean)">
            <summary>
            新增或修改一条指定关键字的曲线数据，需要指定参考系及数据，颜色，线条宽度
            </summary>
            <param name="key">曲线关键字</param>
            <param name="isLeft">是否以左侧坐标轴为参照系</param>
            <param name="data">数据</param>
            <param name="lineColor">线条颜色</param>
            <param name="thickness">线条宽度</param>
            <param name="isSmooth">曲线是否平滑</param>
        </member>
        <member name="M:HslControls.HslCurve.RemoveCurve(System.String)">
            <summary>
            移除指定关键字的曲线
            </summary>
            <param name="key">曲线关键字</param>
        </member>
        <member name="M:HslControls.HslCurve.RemoveAllCurve">
            <summary>
            移除指定关键字的曲线
            </summary>
        </member>
        <member name="M:HslControls.HslCurve.AddCurveData(System.String,System.Single[],System.Boolean)">
            <summary>
            新增指定关键字曲线的一个数据，注意该关键字的曲线必须存在，否则无效
            </summary>
            <param name="key">新增曲线的关键字</param>
            <param name="values">数据值</param>
            <param name="isUpdateUI">是否刷新界面</param>
        </member>
        <member name="M:HslControls.HslCurve.AddCurveData(System.String,System.Single)">
            <summary>
            新增指定关键字曲线的一个数据，注意该关键字的曲线必须存在，否则无效
            </summary>
            <param name="key">曲线的关键字</param>
            <param name="value">数据值</param>
        </member>
        <member name="M:HslControls.HslCurve.AddCurveData(System.String,System.Single[])">
            <summary>
            新增指定关键字曲线的一组数据，注意该关键字的曲线必须存在，否则无效
            </summary>
            <param name="key">曲线的关键字</param>
            <param name="values">数组值</param>
        </member>
        <member name="M:HslControls.HslCurve.AddCurveData(System.String[],System.Single[])">
            <summary>
            新增指定关键字数组曲线的一组数据，注意该关键字的曲线必须存在，否则无效，一个数据对应一个数组
            </summary>
            <param name="keys">曲线的关键字数组</param>
            <param name="values">数组值</param>
        </member>
        <member name="M:HslControls.HslCurve.SetCurveVisible(System.String,System.Boolean)">
            <summary>
            设置一条曲线是否是可见的，如果该曲线不存在，则无效。
            </summary>
            <param name="key">关键字</param>
            <param name="visible">是否可见</param>
        </member>
        <member name="M:HslControls.HslCurve.SetCurveVisible(System.String[],System.Boolean)">
            <summary>
            设置多条曲线是否是可见的，如果该曲线不存在，则无效。
            </summary>
            <param name="keys">关键字</param>
            <param name="visible">是否可见</param>
        </member>
        <member name="M:HslControls.HslCurve.AddLeftAuxiliary(System.Single)">
            <summary>
            新增一条左侧的辅助线，使用默认的文本颜色
            </summary>
            <param name="value">数据值</param>
        </member>
        <member name="M:HslControls.HslCurve.AddLeftAuxiliary(System.Single,System.Drawing.Color)">
            <summary>
            新增一条左侧的辅助线，使用指定的颜色
            </summary>
            <param name="value">数据值</param>
            <param name="lineColor">线条颜色</param>
        </member>
        <member name="M:HslControls.HslCurve.AddLeftAuxiliary(System.Single,System.Drawing.Color,System.Single)">
            <summary>
            新增一条左侧的辅助线
            </summary>
            <param name="value">数据值</param>
            <param name="lineColor">线条颜色</param>
            <param name="lineThickness">线条宽度</param>
        </member>
        <member name="M:HslControls.HslCurve.AddRightAuxiliary(System.Single)">
            <summary>
            新增一条右侧的辅助线，使用默认的文本颜色
            </summary>
            <param name="value">数据值</param>
        </member>
        <member name="M:HslControls.HslCurve.AddRightAuxiliary(System.Single,System.Drawing.Color)">
            <summary>
            新增一条右侧的辅助线，使用指定的颜色
            </summary>
            <param name="value">数据值</param>
            <param name="lineColor">线条颜色</param>
        </member>
        <member name="M:HslControls.HslCurve.AddRightAuxiliary(System.Single,System.Drawing.Color,System.Single)">
            <summary>
            新增一条右侧的辅助线
            </summary>
            <param name="value">数据值</param>
            <param name="lineColor">线条颜色</param>
            <param name="lineThickness">线条宽度</param>
        </member>
        <member name="M:HslControls.HslCurve.RemoveAuxiliary(System.Single)">
            <summary>
            移除所有的指定值的辅助曲线，包括左边的和右边的
            </summary>
            <param name="value"></param>
        </member>
        <member name="M:HslControls.HslCurve.RemoveAllAuxiliary">
            <summary>
            移除所有的辅助线
            </summary>
        </member>
        <member name="M:HslControls.HslCurve.OnPaint(System.Windows.Forms.PaintEventArgs)">
            <summary>
            重绘控件的基本外观
            </summary>
            <param name="e">重绘事件</param>
        </member>
        <member name="F:HslControls.HslCurve.components">
            <summary> 
            必需的设计器变量。
            </summary>
        </member>
        <member name="M:HslControls.HslCurve.Dispose(System.Boolean)">
            <summary> 
            清理所有正在使用的资源。
            </summary>
            <param name="disposing">如果应释放托管资源，为 true；否则为 false。</param>
        </member>
        <member name="M:HslControls.HslCurve.InitializeComponent">
            <summary> 
            设计器支持所需的方法 - 不要修改
            使用代码编辑器修改此方法的内容。
            </summary>
        </member>
        <member name="T:HslControls.HslMarkBackSection">
            <summary>
            在曲线控件中额外标记的区间显示，可以设置不同的背景颜色
            </summary>
        </member>
        <member name="M:HslControls.HslMarkBackSection.#ctor">
            <summary>
            实例化一个默认的对象
            </summary>
        </member>
        <member name="P:HslControls.HslMarkBackSection.StartIndex">
            <summary>
            开始的数据位置
            </summary>
        </member>
        <member name="P:HslControls.HslMarkBackSection.EndIndex">
            <summary>
            结束的数据位置
            </summary>
        </member>
        <member name="P:HslControls.HslMarkBackSection.BackColor">
            <summary>
            特殊标记的区间的背景色
            </summary>
        </member>
        <member name="T:HslControls.HslCurveItem">
            <summary>
            曲线数据对象
            </summary>
        </member>
        <member name="M:HslControls.HslCurveItem.#ctor">
            <summary>
            实例化一个对象
            </summary>
        </member>
        <member name="F:HslControls.HslCurveItem.Data">
            <summary>
            数据
            </summary>
        </member>
        <member name="P:HslControls.HslCurveItem.LineThickness">
            <summary>
            线条的宽度
            </summary>
        </member>
        <member name="P:HslControls.HslCurveItem.IsSmoothCurve">
            <summary>
            是否平滑的曲线显示，默认为False
            </summary>
        </member>
        <member name="P:HslControls.HslCurveItem.LineColor">
            <summary>
            曲线颜色
            </summary>
        </member>
        <member name="P:HslControls.HslCurveItem.IsLeftFrame">
            <summary>
            是否左侧参考系，True为左侧，False为右侧
            </summary>
        </member>
        <member name="P:HslControls.HslCurveItem.Visible">
            <summary>
            本曲线是否显示出来，默认为显示
            </summary>
        </member>
        <member name="T:HslControls.AuxiliaryLine">
            <summary>
            辅助线对象
            </summary>
        </member>
        <member name="P:HslControls.AuxiliaryLine.Value">
            <summary>
            实际的数据值
            </summary>
        </member>
        <member name="P:HslControls.AuxiliaryLine.PaintValue">
            <summary>
            实际的数据绘制
            </summary>
        </member>
        <member name="P:HslControls.AuxiliaryLine.LineColor">
            <summary>
            辅助线的颜色
            </summary>
        </member>
        <member name="P:HslControls.AuxiliaryLine.PenDash">
            <summary>
            辅助线的画笔资源
            </summary>
        </member>
        <member name="P:HslControls.AuxiliaryLine.LineThickness">
            <summary>
            辅助线的宽度
            </summary>
        </member>
        <member name="P:HslControls.AuxiliaryLine.LineTextBrush">
            <summary>
            辅助线文本的画刷
            </summary>
        </member>
        <member name="P:HslControls.AuxiliaryLine.IsLeftFrame">
            <summary>
            是否左侧参考系，True为左侧，False为右侧
            </summary>
        </member>
        <member name="M:HslControls.AuxiliaryLine.Dispose">
            <summary>
            释放内存信息
            </summary>
        </member>
        <member name="T:HslControls.HslGauge">
            <summary>
            仪表盘控件对象
            </summary>
        </member>
        <member name="M:HslControls.HslGauge.#ctor">
            <summary>
            实例化一个仪表盘控件
            </summary>
        </member>
        <member name="M:HslControls.HslGauge.OnPaint(System.Windows.Forms.PaintEventArgs)">
            <summary>
            重绘
            </summary>
            <param name="e">重绘的事件</param>
        </member>
        <member name="M:HslControls.HslGauge.GetCenterPoint">
            <summary>
            获取中心点的坐标
            </summary>
            <returns>中心点对象</returns>
        </member>
        <member name="P:HslControls.HslGauge.BackColor">
            <summary>
            获取或设置控件的背景色
            </summary>
        </member>
        <member name="P:HslControls.HslGauge.GaugeBorder">
            <summary>
            获取或设置仪表盘的背景色
            </summary>
        </member>
        <member name="P:HslControls.HslGauge.PointerColor">
            <summary>
            获取或设置指针的颜色
            </summary>
        </member>
        <member name="P:HslControls.HslGauge.ValueStart">
            <summary>
            获取或设置数值的起始值，默认为0
            </summary>
        </member>
        <member name="P:HslControls.HslGauge.ValueMax">
            <summary>
            获取或设置数值的最大值，默认为100
            </summary>
        </member>
        <member name="P:HslControls.HslGauge.Value">
            <summary>
            获取或设置数值的当前值，应该处于最小值和最大值之间
            </summary>
        </member>
        <member name="P:HslControls.HslGauge.ValueAlarmMax">
            <summary>
            获取或设置数值的上限报警值，设置为超过最大值则无上限报警
            </summary>
        </member>
        <member name="P:HslControls.HslGauge.ValueAlarmMin">
            <summary>
            获取或设置数值的下限报警值，设置为超过最大值则无上限报警
            </summary>
        </member>
        <member name="P:HslControls.HslGauge.SegmentCount">
            <summary>
            获取或设置仪表盘的分割段数，最小为2，最大1000
            </summary>
        </member>
        <member name="P:HslControls.HslGauge.UnitText">
            <summary>
            获取或设置仪表盘的单位描述文本
            </summary>
        </member>
        <member name="P:HslControls.HslGauge.IsTextUnderPointer">
            <summary>
            获取或设置文本是否是指针的下面
            </summary>
        </member>
        <member name="P:HslControls.HslGauge.IsBigSemiCircle">
            <summary>
            通常情况，仪表盘不会大于半个圆，除非本属性设置为 True
            </summary>
        </member>
        <member name="P:HslControls.HslGauge.ForeColor">
            <summary>
            获取或设置控件的前景色
            </summary>
        </member>
        <member name="F:HslControls.HslGauge.components">
            <summary> 
            必需的设计器变量。
            </summary>
        </member>
        <member name="M:HslControls.HslGauge.Dispose(System.Boolean)">
            <summary> 
            清理所有正在使用的资源。
            </summary>
            <param name="disposing">如果应释放托管资源，为 true；否则为 false。</param>
        </member>
        <member name="M:HslControls.HslGauge.InitializeComponent">
            <summary> 
            设计器支持所需的方法 - 不要修改
            使用代码编辑器修改此方法的内容。
            </summary>
        </member>
        <member name="T:HslControls.HslGaugeChart">
            <summary>
            仪表盘控件对象
            </summary>
        </member>
        <member name="M:HslControls.HslGaugeChart.#ctor">
            <summary>
            实例化一个仪表盘控件
            </summary>
        </member>
        <member name="M:HslControls.HslGaugeChart.OnPaint(System.Windows.Forms.PaintEventArgs)">
            <summary>
            重绘
            </summary>
            <param name="e">重绘的事件</param>
        </member>
        <member name="M:HslControls.HslGaugeChart.GetCenterPoint">
            <summary>
            获取中心点的坐标
            </summary>
            <returns>中心点对象</returns>
        </member>
        <member name="P:HslControls.HslGaugeChart.BackColor">
            <summary>
            获取或设置控件的背景色
            </summary>
        </member>
        <member name="P:HslControls.HslGaugeChart.GaugeBorder">
            <summary>
            获取或设置仪表盘的背景色
            </summary>
        </member>
        <member name="P:HslControls.HslGaugeChart.PointerColor">
            <summary>
            获取或设置指针的颜色
            </summary>
        </member>
        <member name="P:HslControls.HslGaugeChart.ValueStart">
            <summary>
            获取或设置数值的起始值，默认为0
            </summary>
        </member>
        <member name="P:HslControls.HslGaugeChart.ValueMax">
            <summary>
            获取或设置数值的最大值，默认为100
            </summary>
        </member>
        <member name="P:HslControls.HslGaugeChart.Value">
            <summary>
            获取或设置数值的当前值，应该处于最小值和最大值之间
            </summary>
        </member>
        <member name="P:HslControls.HslGaugeChart.ValueAlarmMax">
            <summary>
            获取或设置数值的上限报警值，设置为超过最大值则无上限报警
            </summary>
        </member>
        <member name="P:HslControls.HslGaugeChart.ValueAlarmMin">
            <summary>
            获取或设置数值的下限报警值，设置为超过最大值则无上限报警
            </summary>
        </member>
        <member name="P:HslControls.HslGaugeChart.SegmentCount">
            <summary>
            获取或设置仪表盘的分割段数，最小为2，最大1000
            </summary>
        </member>
        <member name="P:HslControls.HslGaugeChart.UnitText">
            <summary>
            获取或设置仪表盘的单位描述文本
            </summary>
        </member>
        <member name="P:HslControls.HslGaugeChart.IsTextUnderPointer">
            <summary>
            获取或设置文本是否是指针的下面
            </summary>
        </member>
        <member name="P:HslControls.HslGaugeChart.IsBigSemiCircle">
            <summary>
            通常情况，仪表盘不会大于半个圆，除非本属性设置为 True
            </summary>
        </member>
        <member name="P:HslControls.HslGaugeChart.ForeColor">
            <summary>
            获取或设置控件的前景色
            </summary>
        </member>
        <member name="F:HslControls.HslGaugeChart.components">
            <summary> 
            必需的设计器变量。
            </summary>
        </member>
        <member name="M:HslControls.HslGaugeChart.Dispose(System.Boolean)">
            <summary> 
            清理所有正在使用的资源。
            </summary>
            <param name="disposing">如果应释放托管资源，为 true；否则为 false。</param>
        </member>
        <member name="M:HslControls.HslGaugeChart.InitializeComponent">
            <summary> 
            设计器支持所需的方法 - 不要修改
            使用代码编辑器修改此方法的内容。
            </summary>
        </member>
        <member name="T:HslControls.CenterPoint">
            <summary>
            计算的基础数据 
            </summary>
        </member>
        <member name="P:HslControls.CenterPoint.Point">
            <summary>
            中心点的位置
            </summary>
        </member>
        <member name="P:HslControls.CenterPoint.Radius">
            <summary>
            半径
            </summary>
        </member>
        <member name="P:HslControls.CenterPoint.Angle">
            <summary>
            角度
            </summary>
        </member>
        <member name="T:HslControls.HslHelper">
            <summary>
            整个组件的代码辅助工具，提供了一个基础的类库方法
            </summary>
        </member>
        <member name="M:HslControls.HslHelper.ComputePaintLocationY(System.Int32,System.Int32,System.Int32,System.Int32)">
            <summary>
            计算绘图时的相对偏移值
            </summary>
            <param name="max">0-100分的最大值，就是指准备绘制的最大值</param>
            <param name="min">0-100分的最小值，就是指准备绘制的最小值</param>
            <param name="height">实际绘图区域的高度</param>
            <param name="value">需要绘制数据的当前值</param>
            <returns>相对于0的位置，还需要增加上面的偏值</returns>
        </member>
        <member name="M:HslControls.HslHelper.ComputePaintLocationY(System.Single,System.Single,System.Int32,System.Single)">
            <summary>
            计算绘图时的相对偏移值
            </summary>
            <param name="max">0-100分的最大值，就是指准备绘制的最大值</param>
            <param name="min">0-100分的最小值，就是指准备绘制的最小值</param>
            <param name="height">实际绘图区域的高度</param>
            <param name="value">需要绘制数据的当前值</param>
            <returns>相对于0的位置，还需要增加上面的偏值</returns>
        </member>
        <member name="M:HslControls.HslHelper.PaintCoordinateDivide(System.Drawing.Graphics,System.Drawing.Pen,System.Drawing.Pen,System.Drawing.Font,System.Drawing.Brush,System.Drawing.StringFormat,System.Int32,System.Int32,System.Int32,System.Int32,System.Int32,System.Int32,System.Int32,System.Int32,System.Int32)">
            <summary>
            绘制坐标系中的刻度线
            </summary>
            <param name="g">绘图对象</param>
            <param name="penLine">画坐标轴的画笔</param>
            <param name="penDash"></param>
            <param name="font"></param>
            <param name="brush"></param>
            <param name="sf"></param>
            <param name="degree"></param>
            <param name="max"></param>
            <param name="min"></param>
            <param name="width"></param>
            <param name="height"></param>
            <param name="left"></param>
            <param name="right"></param>
            <param name="up"></param>
            <param name="down"></param>
        </member>
        <member name="M:HslControls.HslHelper.PaintTriangle(System.Drawing.Graphics,System.Drawing.Brush,System.Drawing.Point,System.Int32,HslControls.GraphDirection)">
            <summary>
            根据指定的方向绘制一个箭头
            </summary>
            <param name="g"></param>
            <param name="brush"></param>
            <param name="point"></param>
            <param name="size"></param>
            <param name="direction"></param>
        </member>
        <member name="M:HslControls.HslHelper.AddArrayData``1(``0[]@,``0[],System.Int32)">
            <summary>
            一个通用的数组新增个数方法，会自动判断越界情况，越界的情况下，会自动的截断或是填充 -> 
            A common array of new methods, will automatically determine the cross-border situation, in the case of cross-border, will be automatically truncated or filled
            </summary>
            <typeparam name="T">数据类型</typeparam>
            <param name="array">原数据</param>
            <param name="data">等待新增的数据</param>
            <param name="max">原数据的最大值</param>
        </member>
        <member name="T:HslControls.GraphDirection">
            <summary>
            图形的方向
            </summary>
        </member>
        <member name="F:HslControls.GraphDirection.Upward">
            <summary>
            向上
            </summary>
        </member>
        <member name="F:HslControls.GraphDirection.Downward">
            <summary>
            向下
            </summary>
        </member>
        <member name="F:HslControls.GraphDirection.Ledtward">
            <summary>
            向左
            </summary>
        </member>
        <member name="F:HslControls.GraphDirection.Rightward">
            <summary>
            向右
            </summary>
        </member>
        <member name="T:HslControls.Paintdata">
            <summary>
            包含整型和字符串描述的数据类型
            </summary>
        </member>
        <member name="P:HslControls.Paintdata.Count">
            <summary>
            数量
            </summary>
        </member>
        <member name="P:HslControls.Paintdata.Description">
            <summary>
            描述
            </summary>
        </member>
        <member name="T:HslControls.HslLanternAlarm">
            <summary>
            一个用于报警的信号灯
            </summary>
        </member>
        <member name="M:HslControls.HslLanternAlarm.#ctor">
            <summary>
            实例化一个对象
            </summary>
        </member>
        <member name="P:HslControls.HslLanternAlarm.BackColor">
            <summary>
            获取或设置控件的背景色
            </summary>
        </member>
        <member name="P:HslControls.HslLanternAlarm.BottomColor">
            <summary>
            获取或设置底座的背景色
            </summary>
        </member>
        <member name="P:HslControls.HslLanternAlarm.LightColor">
            <summary>
            获取或设置报警灯的颜色，可以设置为任意的颜色
            </summary>
        </member>
        <member name="P:HslControls.HslLanternAlarm.AlarmColor">
            <summary>
            获取或设置报警状态下的颜色
            </summary>
        </member>
        <member name="P:HslControls.HslLanternAlarm.NormalColor">
            <summary>
            获取或设置正常状态的背景色
            </summary>
        </member>
        <member name="P:HslControls.HslLanternAlarm.IsAlarm">
            <summary>
            一旦设置本属性，启动信号灯闪烁
            </summary>
        </member>
        <member name="M:HslControls.HslLanternAlarm.OnPaint(System.Windows.Forms.PaintEventArgs)">
            <summary>
            重绘控件的模型
            </summary>
            <param name="e">事件</param>
        </member>
        <member name="F:HslControls.HslLanternAlarm.components">
            <summary> 
            必需的设计器变量。
            </summary>
        </member>
        <member name="M:HslControls.HslLanternAlarm.Dispose(System.Boolean)">
            <summary> 
            清理所有正在使用的资源。
            </summary>
            <param name="disposing">如果应释放托管资源，为 true；否则为 false。</param>
        </member>
        <member name="M:HslControls.HslLanternAlarm.InitializeComponent">
            <summary> 
            设计器支持所需的方法 - 不要修改
            使用代码编辑器修改此方法的内容。
            </summary>
        </member>
        <member name="T:HslControls.HslLanternSimple">
            <summary>
            一个简约的灯控件，支持纯色和渐变色的设置
            </summary>
        </member>
        <member name="M:HslControls.HslLanternSimple.#ctor">
            <summary>
            实例化一个灯控件信息
            </summary>
        </member>
        <member name="M:HslControls.HslLanternSimple.OnPaint(System.Windows.Forms.PaintEventArgs)">
            <summary>
            重绘控件的界面信息
            </summary>
            <param name="e">重绘事件</param>
        </member>
        <member name="P:HslControls.HslLanternSimple.BackColor">
            <summary>
            获取或设置控件的背景色
            </summary>
        </member>
        <member name="P:HslControls.HslLanternSimple.LanternBackground">
            <summary>
            获取或设置灯信号的前景色
            </summary>
        </member>
        <member name="P:HslControls.HslLanternSimple.CenterBackground">
            <summary>
            获取或设置中心点的颜色，当且仅当UseGradientColor属性为True时生效
            </summary>
        </member>
        <member name="P:HslControls.HslLanternSimple.UseGradientColor">
            <summary>
            获取或设置当前的灯信号是否启用渐变色的画刷
            </summary>
        </member>
        <member name="P:HslControls.HslLanternSimple.Text">
            <summary>
            获取或设置当前控件的文本
            </summary>
        </member>
        <member name="F:HslControls.HslLanternSimple.components">
            <summary> 
            必需的设计器变量。
            </summary>
        </member>
        <member name="M:HslControls.HslLanternSimple.Dispose(System.Boolean)">
            <summary> 
            清理所有正在使用的资源。
            </summary>
            <param name="disposing">如果应释放托管资源，为 true；否则为 false。</param>
        </member>
        <member name="M:HslControls.HslLanternSimple.InitializeComponent">
            <summary> 
            设计器支持所需的方法 - 不要修改
            使用代码编辑器修改此方法的内容。
            </summary>
        </member>
        <member name="T:HslControls.HslLedDisplay">
            <summary>
            数码管显示的控件信息，可以显示一串数码管的信息
            </summary>
        </member>
        <member name="M:HslControls.HslLedDisplay.#ctor">
            <summary>
            实例化一个默认的对象
            </summary>
        </member>
        <member name="M:HslControls.HslLedDisplay.OnPaint(System.Windows.Forms.PaintEventArgs)">
            <summary>
            重绘控件的界面
            </summary>
            <param name="e">重绘的事件信息</param>
        </member>
        <member name="P:HslControls.HslLedDisplay.DisplayNumber">
            <summary>
            获取或设置数码管显示的位数
            </summary>
        </member>
        <member name="P:HslControls.HslLedDisplay.LedNumberSize">
            <summary>
            获取或设置数码管显示的大小
            </summary>
        </member>
        <member name="P:HslControls.HslLedDisplay.DisplayText">
            <summary>
            获取或设置数码管显示的内容
            </summary>
        </member>
        <member name="P:HslControls.HslLedDisplay.DisplayBackColor">
            <summary>
            获取或设置数码管数字的背景色
            </summary>
        </member>
        <member name="P:HslControls.HslLedDisplay.ForeColor">
            <summary>
            获取或设置数码管数字的前景色
            </summary>
        </member>
        <member name="F:HslControls.HslLedDisplay.components">
            <summary> 
            必需的设计器变量。
            </summary>
        </member>
        <member name="M:HslControls.HslLedDisplay.Dispose(System.Boolean)">
            <summary> 
            清理所有正在使用的资源。
            </summary>
            <param name="disposing">如果应释放托管资源，为 true；否则为 false。</param>
        </member>
        <member name="M:HslControls.HslLedDisplay.InitializeComponent">
            <summary> 
            设计器支持所需的方法 - 不要修改
            使用代码编辑器修改此方法的内容。
            </summary>
        </member>
        <member name="T:HslControls.HslPieChart">
            <summary>
            饼图的控件
            </summary>
        </member>
        <member name="M:HslControls.HslPieChart.#ctor">
            <summary>
            实例化一个饼图的控件
            </summary>
        </member>
        <member name="P:HslControls.HslPieChart.IsRenderPercent">
            <summary>
            是否显示百分比信息
            </summary>
        </member>
        <member name="P:HslControls.HslPieChart.IsRenderSmall">
            <summary>
            是否在图形上显示占比非常小的文本信息
            </summary>
        </member>
        <member name="M:HslControls.HslPieChart.GetRandomColor">
            <summary>
            随机生成颜色，该颜色相对于白色为深色颜色
            </summary>
            <returns></returns>
        </member>
        <member name="M:HslControls.HslPieChart.OnPaint(System.Windows.Forms.PaintEventArgs)">
            <summary>
            重新绘制控件的外观
            </summary>
            <param name="e">事件</param>
        </member>
        <member name="M:HslControls.HslPieChart.SetDataSource(HslControls.HslPieItem[])">
            <summary>
            设置显示的数据源
            </summary>
            <param name="source">特殊的显示对象</param>
            <exception cref="T:System.ArgumentNullException"></exception>
        </member>
        <member name="M:HslControls.HslPieChart.SetDataSource(System.String[],System.Int32[])">
            <summary>
            根据名称和值进行数据源的显示，两者的长度需要一致
            </summary>
            <param name="names">名称</param>
            <param name="values">值</param>
            <exception cref="T:System.ArgumentNullException"></exception>
        </member>
        <member name="F:HslControls.HslPieChart.components">
            <summary> 
            必需的设计器变量。
            </summary>
        </member>
        <member name="M:HslControls.HslPieChart.Dispose(System.Boolean)">
            <summary> 
            清理所有正在使用的资源。
            </summary>
            <param name="disposing">如果应释放托管资源，为 true；否则为 false。</param>
        </member>
        <member name="M:HslControls.HslPieChart.InitializeComponent">
            <summary> 
            设计器支持所需的方法 - 不要修改
            使用代码编辑器修改此方法的内容。
            </summary>
        </member>
        <member name="T:HslControls.HslPieItem">
            <summary>
            饼图的基本元素
            </summary>
        </member>
        <member name="M:HslControls.HslPieItem.#ctor">
            <summary>
            实例化一个饼图基本元素的对象
            </summary>
        </member>
        <member name="P:HslControls.HslPieItem.Name">
            <summary>
            名称
            </summary>
        </member>
        <member name="P:HslControls.HslPieItem.Value">
            <summary>
            值
            </summary>
        </member>
        <member name="P:HslControls.HslPieItem.Back">
            <summary>
            背景颜色
            </summary>
        </member>
        <member name="T:HslControls.HslPipeLine">
            <summary>
            一个简单的管道线控件，只能横竖两种模式，支持流动动画显示
            </summary>
        </member>
        <member name="M:HslControls.HslPipeLine.#ctor">
            <summary>
            实例化一个默认的管道线对象
            </summary>
        </member>
        <member name="M:HslControls.HslPipeLine.OnPaint(System.Windows.Forms.PaintEventArgs)">
            <summary>
            重写重绘的事件
            </summary>
            <param name="e">事件</param>
        </member>
        <member name="P:HslControls.HslPipeLine.BackColor">
            <summary>
            获取或设置控件的背景色
            </summary>
        </member>
        <member name="P:HslControls.HslPipeLine.EdgeColor">
            <summary>
            获取或设置管道控件的边缘颜色
            </summary>
        </member>
        <member name="P:HslControls.HslPipeLine.LineCenterColor">
            <summary>
            获取或设置管道控件的中心颜色
            </summary>
        </member>
        <member name="P:HslControls.HslPipeLine.PipeTurnLeft">
            <summary>
            获取或设置管道控件左侧或是上方的端点朝向
            </summary>
        </member>
        <member name="P:HslControls.HslPipeLine.PipeTurnRight">
            <summary>
            获取或设置管道控件右侧或是下方的端点朝向
            </summary>
        </member>
        <member name="P:HslControls.HslPipeLine.PipeLineStyle">
            <summary>
            获取或设置管道控件是否是横向的还是纵向的
            </summary>
        </member>
        <member name="P:HslControls.HslPipeLine.PipeLineActive">
            <summary>
            获取或设置管道线是否激活液体显示
            </summary>
        </member>
        <member name="P:HslControls.HslPipeLine.MoveSpeed">
            <summary>
            获取或设置管道线液体流动的速度，0为静止，正数为正向流动，负数为反向流动
            </summary>
        </member>
        <member name="F:HslControls.HslPipeLine.components">
            <summary> 
            必需的设计器变量。
            </summary>
        </member>
        <member name="M:HslControls.HslPipeLine.Dispose(System.Boolean)">
            <summary> 
            清理所有正在使用的资源。
            </summary>
            <param name="disposing">如果应释放托管资源，为 true；否则为 false。</param>
        </member>
        <member name="M:HslControls.HslPipeLine.InitializeComponent">
            <summary> 
            设计器支持所需的方法 - 不要修改
            使用代码编辑器修改此方法的内容。
            </summary>
        </member>
        <member name="T:HslControls.HslPipeLineStyle">
            <summary>
            管道线的样子
            </summary>
        </member>
        <member name="F:HslControls.HslPipeLineStyle.Horizontal">
            <summary>
            管道线是横向摆放的
            </summary>
        </member>
        <member name="F:HslControls.HslPipeLineStyle.Vertical">
            <summary>
            管道线是纵向摆放的
            </summary>
        </member>
        <member name="T:HslControls.HslPipeTurnDirection">
            <summary>
            管道线的端点朝向
            </summary>
        </member>
        <member name="F:HslControls.HslPipeTurnDirection.Up">
            <summary>
            向上
            </summary>
        </member>
        <member name="F:HslControls.HslPipeTurnDirection.Down">
            <summary>
            向下
            </summary>
        </member>
        <member name="F:HslControls.HslPipeTurnDirection.Left">
            <summary>
            向左
            </summary>
        </member>
        <member name="F:HslControls.HslPipeTurnDirection.Right">
            <summary>
            向右
            </summary>
        </member>
        <member name="F:HslControls.HslPipeTurnDirection.None">
            <summary>
            无效果
            </summary>
        </member>
        <member name="T:HslControls.HslPlay">
            <summary>
            一个播放样式的按钮，支持开始和结束的两种操作方法
            </summary>
        </member>
        <member name="M:HslControls.HslPlay.#ctor">
            <summary>
            实例化一个对象
            </summary>
        </member>
        <member name="P:HslControls.HslPlay.BackColor">
            <summary>
            获取或设置控件的背景色
            </summary>
        </member>
        <member name="P:HslControls.HslPlay.ForeColor">
            <summary>
            获取或设置当前控件的文本的颜色
            </summary>
        </member>
        <member name="P:HslControls.HslPlay.Text">
            <summary>
            获取或设置当前控件的文本
            </summary>
        </member>
        <member name="P:HslControls.HslPlay.ActiveColor">
            <summary>
            当点击了开始播放的时候的前景色
            </summary>
        </member>
        <member name="P:HslControls.HslPlay.BorderColor">
            <summary>
            获取或设置外层圈圈的颜色
            </summary>
        </member>
        <member name="P:HslControls.HslPlay.Played">
            <summary>
            获取或设置是否处于播放中的状态
            </summary>
        </member>
        <member name="M:HslControls.HslPlay.OnMouseClick(System.Windows.Forms.MouseEventArgs)">
            <summary>
            当鼠标点击的事件触发的时候
            </summary>
            <param name="e">点击事件</param>
        </member>
        <member name="M:HslControls.HslPlay.OnPaint(System.Windows.Forms.PaintEventArgs)">
            <summary>
            控件的重绘界面
            </summary>
            <param name="e">重绘的消息事件</param>
        </member>
        <member name="E:HslControls.HslPlay.OnPlayChanged">
            <summary>
            开关按钮发生变化的事件
            </summary>
        </member>
        <member name="F:HslControls.HslPlay.components">
            <summary> 
            必需的设计器变量。
            </summary>
        </member>
        <member name="M:HslControls.HslPlay.Dispose(System.Boolean)">
            <summary> 
            清理所有正在使用的资源。
            </summary>
            <param name="disposing">如果应释放托管资源，为 true；否则为 false。</param>
        </member>
        <member name="M:HslControls.HslPlay.InitializeComponent">
            <summary> 
            设计器支持所需的方法 - 不要修改
            使用代码编辑器修改此方法的内容。
            </summary>
        </member>
        <member name="T:HslControls.HslProgress">
            <summary>
            进度条控件，支持横向和纵向的两种模式，支持动画效果
            </summary>
        </member>
        <member name="M:HslControls.HslProgress.#ctor">
            <summary>
            实例化一个对象
            </summary>
        </member>
        <member name="P:HslControls.HslProgress.BackColor">
            <summary>
            获取或设置进度条的背景色
            </summary>
        </member>
        <member name="P:HslControls.HslProgress.ProgressColor">
            <summary>
            获取或设置进度的颜色
            </summary>
        </member>
        <member name="P:HslControls.HslProgress.Max">
            <summary>
            获取或设置进度条的最大值，默认为100
            </summary>
        </member>
        <member name="P:HslControls.HslProgress.Value">
            <summary>
            当前进度条的值，不能大于最大值或小于0
            </summary>
        </member>
        <member name="P:HslControls.HslProgress.IsTextRender">
            <summary>
            是否显示进度
            </summary>
        </member>
        <member name="P:HslControls.HslProgress.BorderColor">
            <summary>
            设置进度条的边框颜色
            </summary>
        </member>
        <member name="P:HslControls.HslProgress.ValueChangeSpeed">
            <summary>
            设置进度变更的速度
            </summary>
        </member>
        <member name="P:HslControls.HslProgress.UseAnimation">
            <summary>
            获取或设置进度条变化的时候是否采用动画效果
            </summary>
        </member>
        <member name="P:HslControls.HslProgress.ProgressStyle">
            <summary>
            进度条的样式
            </summary>
        </member>
        <member name="M:HslControls.HslProgress.OnPaint(System.Windows.Forms.PaintEventArgs)">
            <summary>
            重绘整个控件的界面
            </summary>
            <param name="e">重绘事件</param>
        </member>
        <member name="F:HslControls.HslProgress.components">
            <summary> 
            必需的设计器变量。
            </summary>
        </member>
        <member name="M:HslControls.HslProgress.Dispose(System.Boolean)">
            <summary> 
            清理所有正在使用的资源。
            </summary>
            <param name="disposing">如果应释放托管资源，为 true；否则为 false。</param>
        </member>
        <member name="M:HslControls.HslProgress.InitializeComponent">
            <summary> 
            设计器支持所需的方法 - 不要修改
            使用代码编辑器修改此方法的内容。
            </summary>
        </member>
        <member name="T:HslControls.HslProgressStyle">
            <summary>
            进度条的样子
            </summary>
        </member>
        <member name="F:HslControls.HslProgressStyle.Horizontal">
            <summary>
            进度条是横向摆放的
            </summary>
        </member>
        <member name="F:HslControls.HslProgressStyle.Vertical">
            <summary>
            纵向的进度条
            </summary>
        </member>
        <member name="F:HslControls.HslProgressStyle.Circular">
            <summary>
            圆形的进度条
            </summary>
        </member>
        <member name="T:HslControls.HslProgressLine">
            <summary>
            进度条控件，采用标准的线段绘制，支持横向和纵向的两种模式，支持动画效果
            </summary>
        </member>
        <member name="M:HslControls.HslProgressLine.#ctor">
            <summary>
            实例化一个默认的进度条控件
            </summary>
        </member>
        <member name="P:HslControls.HslProgressLine.BackColor">
            <summary>
            获取或设置控件的背景色
            </summary>
        </member>
        <member name="P:HslControls.HslProgressLine.ProgressBackColor">
            <summary>
            获取或设置进度条的背景色
            </summary>
        </member>
        <member name="P:HslControls.HslProgressLine.ProgressColor">
            <summary>
            获取或设置进度的颜色
            </summary>
        </member>
        <member name="P:HslControls.HslProgressLine.Max">
            <summary>
            获取或设置进度条的最大值，默认为100
            </summary>
        </member>
        <member name="P:HslControls.HslProgressLine.Value">
            <summary>
            当前进度条的值，不能大于最大值或小于0
            </summary>
        </member>
        <member name="P:HslControls.HslProgressLine.ProgressStyle">
            <summary>
            进度条的样式
            </summary>
        </member>
        <member name="P:HslControls.HslProgressLine.ValueChangeSpeed">
            <summary>
            设置进度变更的速度
            </summary>
        </member>
        <member name="P:HslControls.HslProgressLine.UseAnimation">
            <summary>
            获取或设置进度条变化的时候是否采用动画效果
            </summary>
        </member>
        <member name="P:HslControls.HslProgressLine.IsTextRender">
            <summary>
            是否显示进度
            </summary>
        </member>
        <member name="M:HslControls.HslProgressLine.OnPaint(System.Windows.Forms.PaintEventArgs)">
            <summary>
            重绘控件的外观
            </summary>
            <param name="e">重绘事件</param>
        </member>
        <member name="F:HslControls.HslProgressLine.components">
            <summary> 
            必需的设计器变量。
            </summary>
        </member>
        <member name="M:HslControls.HslProgressLine.Dispose(System.Boolean)">
            <summary> 
            清理所有正在使用的资源。
            </summary>
            <param name="disposing">如果应释放托管资源，为 true；否则为 false。</param>
        </member>
        <member name="M:HslControls.HslProgressLine.InitializeComponent">
            <summary> 
            设计器支持所需的方法 - 不要修改
            使用代码编辑器修改此方法的内容。
            </summary>
        </member>
        <member name="T:HslControls.HslSwitch">
            <summary>
            一个开关操作的控件，可用于两种状态的切换
            </summary>
        </member>
        <member name="M:HslControls.HslSwitch.#ctor">
            <summary>
            实例化一个默认的对象
            </summary>
        </member>
        <member name="E:HslControls.HslSwitch.OnSwitchChanged">
            <summary>
            开关按钮发生变化的事件
            </summary>
        </member>
        <member name="P:HslControls.HslSwitch.BackColor">
            <summary>
            获取或设置控件的背景色
            </summary>
        </member>
        <member name="P:HslControls.HslSwitch.SwitchBackground">
            <summary>
            获取或设置开关按钮的背景色
            </summary>
        </member>
        <member name="P:HslControls.HslSwitch.SwitchForeground">
            <summary>
            获取或设置开关按钮的前景色
            </summary>
        </member>
        <member name="P:HslControls.HslSwitch.SwitchStatus">
            <summary>
            获取或设置开关按钮的开合状态
            </summary>
        </member>
        <member name="P:HslControls.HslSwitch.SwitchStatusDescription">
            <summary>
            获取或设置两种开关状态的文本描述，例如："Off;On"
            </summary>
        </member>
        <member name="P:HslControls.HslSwitch.Text">
            <summary>
            获取或设置当前控件的文本
            </summary>
        </member>
        <member name="P:HslControls.HslSwitch.ForeColor">
            <summary>
            获取或设置当前控件的文本的颜色
            </summary>
        </member>
        <member name="M:HslControls.HslSwitch.OnPaint(System.Windows.Forms.PaintEventArgs)">
            <summary>
            重绘控件的界面信息
            </summary>
            <param name="e">重绘事件</param>
        </member>
        <member name="M:HslControls.HslSwitch.OnMouseClick(System.Windows.Forms.MouseEventArgs)">
            <summary>
            鼠标的点击事件
            </summary>
            <param name="e">鼠标的点击事件</param>
        </member>
        <member name="F:HslControls.HslSwitch.components">
            <summary> 
            必需的设计器变量。
            </summary>
        </member>
        <member name="M:HslControls.HslSwitch.Dispose(System.Boolean)">
            <summary> 
            清理所有正在使用的资源。
            </summary>
            <param name="disposing">如果应释放托管资源，为 true；否则为 false。</param>
        </member>
        <member name="M:HslControls.HslSwitch.InitializeComponent">
            <summary> 
            设计器支持所需的方法 - 不要修改
            使用代码编辑器修改此方法的内容。
            </summary>
        </member>
        <member name="T:HslControls.NamespaceDoc">
            <summary>
            一个工业物联网的控件库，基于C#开发，配套HslCommunication组件可以实现工业上位机软件的快速开发，本库将持续的迭代更新
            <br /><br />
            官方网站：<a href="http://www.hslcommunication.cn/">http://www.hslcommunication.cn/</a>，包含组件的在线API地址以及一个MES DEMO的项目展示。
            <br /><br />
            <br /><br />
            </summary>
            <remarks>
            <br />
            <br />
            打赏请扫码：<br />
            <img src="https://raw.githubusercontent.com/dathlin/HslCommunication/master/imgs/support.png" />
            </remarks>
            <revisionHistory>
                <revision date="2018-12-18" version="1.0.0" author="Richard.Hu">
                    <list type="bullet">
                        <item>正式发布第一个版本的控件库。</item>
                    </list>
                </revision>
            </revisionHistory>
        </member>
    </members>
</doc>
